star,number,introduce,moive_name,link,comments
9.6,1,希望让人自由。,肖申克的救赎,https://movie.douban.com/subject/1292052/,1062864人评价
9.5,2,风华绝代。,霸王别姬,https://movie.douban.com/subject/1291546/,774612人评价
9.4,3,怪蜀黍和小萝莉不得不说的故事。,这个杀手不太冷,https://movie.douban.com/subject/1295644/,991051人评价
9.4,4,一部美国近现代史。,阿甘正传,https://movie.douban.com/subject/1292720/,843943人评价
9.5,5,最美的谎言。,美丽人生,https://movie.douban.com/subject/1292063/,493342人评价
9.3,6,失去的才是永恒的。 ,泰坦尼克号,https://movie.douban.com/subject/1292722/,782926人评价
9.3,7,最好的宫崎骏，最好的久石让。 ,千与千寻,https://movie.douban.com/subject/1291561/,790620人评价
9.4,8,拯救一个人，就是拯救整个世界。,辛德勒的名单,https://movie.douban.com/subject/1295124/,447770人评价
9.3,9,诺兰给了我们一场无法盗取的梦。,盗梦空间,https://movie.douban.com/subject/3541415/,878800人评价
9.3,10,小瓦力，大人生。,机器人总动员,https://movie.douban.com/subject/2131459/,576692人评价
9.2,11,英俊版憨豆，高情商版谢耳朵。,三傻大闹宝莱坞,https://movie.douban.com/subject/3793023/,792195人评价
9.2,12,每个人都要走一条自己坚定了的路，就算是粉身碎骨。 ,海上钢琴师,https://movie.douban.com/subject/1292001/,674423人评价
9.2,13,永远都不能忘记你所爱的人。,忠犬八公的故事,https://movie.douban.com/subject/3011091/,550820人评价
9.2,14,天籁一般的童声，是最接近上帝的存在。 ,放牛班的春天,https://movie.douban.com/subject/1291549/,531049人评价
9.2,15,一生所爱。,大话西游之大圣娶亲,https://movie.douban.com/subject/1292213/,581687人评价
9.1,16,如果再也不能见到你，祝你早安，午安，晚安。,楚门的世界,https://movie.douban.com/subject/1292064/,555964人评价
9.1,17,人人心中都有个龙猫，童年就永远不会消失。,龙猫,https://movie.douban.com/subject/1291560/,490524人评价
9.2,18,千万不要记恨你的对手，这样会让你失去理智。,教父,https://movie.douban.com/subject/1291841/,397088人评价
9.2,19,爱是一种力量，让我们超越时空感知它的存在。,星际穿越,https://movie.douban.com/subject/1889243/,582725人评价
9.2,20,我们一路奋战不是为了改变世界，而是为了不让世界改变我们。,熔炉,https://movie.douban.com/subject/5912992/,323236人评价
9.2,21,满满温情的高雅喜剧。,触不可及,https://movie.douban.com/subject/6786002/,431060人评价
9.2,22,Tomorrow is another day.,乱世佳人,https://movie.douban.com/subject/1300267/,307611人评价
9.1,23,香港电影史上永不过时的杰作。,无间道,https://movie.douban.com/subject/1307914/,474799人评价
8.9,24,平民励志片。 ,当幸福来敲门,https://movie.douban.com/subject/1849031/,627454人评价
8.9,25,真正的幸福是来自内心深处。,怦然心动,https://movie.douban.com/subject/3319755/,661633人评价
9.1,26,那些吻戏，那些青春，都在影院的黑暗里被泪水冲刷得无比清晰。,天堂电影院,https://movie.douban.com/subject/1291828/,345929人评价
9.4,27,1957年的理想主义。 ,十二怒汉,https://movie.douban.com/subject/1293182/,196918人评价
9.0,28,瑰丽壮观、无人能及的冒险之旅。,少年派的奇幻漂流,https://movie.douban.com/subject/1929463/,658904人评价
9.1,29,无尽的黑暗。,蝙蝠侠：黑暗骑士,https://movie.douban.com/subject/1851857/,382784人评价
9.2,30,对敌人的仁慈，就是对自己残忍。,鬼子来了,https://movie.douban.com/subject/1291858/,270166人评价
9.0,31,邪恶与平庸蛰伏于同一个母体，在特定的时间互相对峙。,搏击俱乐部,https://movie.douban.com/subject/1292000/,443167人评价
9.1,32,张艺谋最好的电影。,活着,https://movie.douban.com/subject/1292365/,318262人评价
9.1,33,史诗的终章。,指环王3：王者无敌,https://movie.douban.com/subject/1291552/,323762人评价
9.1,34,迪士尼给我们营造的乌托邦就是这样，永远善良勇敢，永远出乎意料。,疯狂动物城,https://movie.douban.com/subject/25662329/,612584人评价
9.0,35,对天空的追逐，永不停止。 ,天空之城,https://movie.douban.com/subject/1291583/,381254人评价
8.9,36,旷古烁今。,大话西游之月光宝盒,https://movie.douban.com/subject/1299398/,468374人评价
8.9,37,爱情哪怕只有一天。,罗马假日,https://movie.douban.com/subject/1293839/,438205人评价
8.9,38,最后那些最无聊的事情，才是最值得怀念的。 ,飞屋环游记,https://movie.douban.com/subject/2129039/,571109人评价
9.6,39,比利·怀德满分作品。,控方证人,https://movie.douban.com/subject/1296141/,120294人评价
9.1,40,别样人生。,窃听风暴,https://movie.douban.com/subject/1900841/,257775人评价
9.1,41,4个臭皮匠顶个诸葛亮，盖·里奇果然不是盖的。,两杆大烟枪,https://movie.douban.com/subject/1293350/,303588人评价
9.0,42,自由万岁。,飞越疯人院,https://movie.douban.com/subject/1292224/,308715人评价
8.9,43,史上最美的探戈。,闻香识女人,https://movie.douban.com/subject/1298624/,370507人评价
8.9,44,带着心爱的人在天空飞翔。,哈尔的移动城堡,https://movie.douban.com/subject/1308807/,407939人评价
9.1,45,电影的现实意义大过电影本身。,辩护人,https://movie.douban.com/subject/21937445/,248618人评价
9.3,46,海豚的微笑，是世界上最高明的伪装。,海豚湾,https://movie.douban.com/subject/3442220/,200853人评价
8.8,47,一张面具背后的理想与革命。,V字仇杀队,https://movie.douban.com/subject/1309046/,479608人评价
9.0,48,当一个死水般的体制内出现一个活跃的变数时，所有的腐臭都站在了光明的对面。,死亡诗社,https://movie.douban.com/subject/1291548/,319078人评价
9.1,49,优雅的孤独。,教父2,https://movie.douban.com/subject/1299131/,214194人评价
8.9,50,爱是一切逻辑和原由。,美丽心灵,https://movie.douban.com/subject/1306029/,343202人评价
9.0,51,承前启后的史诗篇章。,指环王2：双塔奇兵,https://movie.douban.com/subject/1291572/,304327人评价
8.9,52,传说的开始。,指环王1：魔戒再现,https://movie.douban.com/subject/1291571/,340737人评价
9.1,53,人生不能像做菜，把所有的料都准备好了才下锅。,饮食男女,https://movie.douban.com/subject/1291818/,233022人评价
8.8,54,暗恋的极致。,情书,https://movie.douban.com/subject/1292220/,423224人评价
9.1,55,你不是在为你一个人战斗，你要让千千万万的女性看到女生并不是只能相夫教子。,摔跤吧！爸爸,https://movie.douban.com/subject/26387939/,544282人评价
9.1,56,往事如烟，无处祭奠。,美国往事,https://movie.douban.com/subject/1292262/,197262人评价
8.9,57,动物版《哈姆雷特》。,狮子王,https://movie.douban.com/subject/1301753/,318182人评价
9.0,58,音乐能化解仇恨。,钢琴家,https://movie.douban.com/subject/1296736/,226264人评价
9.1,59,受过伤害的人总是笑得最开心，因为他们不愿意让身边的人承受一样的痛苦。,素媛,https://movie.douban.com/subject/21937452/,215087人评价
8.7,60,法式小清新。 ,天使爱美丽,https://movie.douban.com/subject/1292215/,532317人评价
9.2,61,奔跑的孩子是天使。,小鞋子,https://movie.douban.com/subject/1303021/,159622人评价
8.7,62,警察抓小偷，老鼠玩死猫。,七宗罪,https://movie.douban.com/subject/1292223/,479611人评价
8.9,63,以戏谑来戏谑戏谑。,被嫌弃的松子的一生,https://movie.douban.com/subject/1787291/,332894人评价
8.8,64,孪生蝙蝠侠大战克隆金刚狼。,致命魔术,https://movie.douban.com/subject/1780330/,386361人评价
8.8,65,在时间之河里感受溺水之苦。,本杰明·巴顿奇事,https://movie.douban.com/subject/1485260/,438571人评价
8.9,66,用音乐化解仇恨，让歌声串起美好。,音乐之声,https://movie.douban.com/subject/1294408/,257511人评价
8.8,67,史诗大片的典范。,勇敢的心,https://movie.douban.com/subject/1294639/,321547人评价
8.8,68,美丽无罪。,西西里的美丽传说,https://movie.douban.com/subject/1292402/,399891人评价
8.7,69,浪漫忧郁的成人童话。,剪刀手爱德华,https://movie.douban.com/subject/1292370/,536811人评价
8.8,70,故事的高级讲法。,低俗小说,https://movie.douban.com/subject/1291832/,376031人评价
8.8,71,视觉革命。,黑客帝国,https://movie.douban.com/subject/1291843/,316651人评价
8.9,72,美利坚精神输出大片No1.,拯救大兵瑞恩,https://movie.douban.com/subject/1292849/,270460人评价
8.7,73,安东尼·霍普金斯的顶级表演。,沉默的羔羊,https://movie.douban.com/subject/1293544/,393686人评价
8.7,74,你以为你以为的就是你以为的。,看不见的客人,https://movie.douban.com/subject/26580232/,403375人评价
8.7,75,你给我翻译翻译，神马叫做TMD的惊喜。,让子弹飞,https://movie.douban.com/subject/3742360/,699170人评价
8.7,76,人的命运被自己瞬间的抉择改变。,蝴蝶效应,https://movie.douban.com/subject/1292343/,425673人评价
8.8,77,死可能是一道门，逝去并不是终结，而是超越，走向下一程。,入殓师,https://movie.douban.com/subject/2149806/,345052人评价
8.8,78,爱情纠缠，男女一致。,春光乍泄,https://movie.douban.com/subject/1292679/,279405人评价
9.3,79,经典之作，历久弥新。,大闹天宫,https://movie.douban.com/subject/1418019/,116437人评价
8.9,80,你是我最好的朋友，你是我唯一的朋友 。,玛丽和马克思,https://movie.douban.com/subject/3072124/,249007人评价
9.0,81,“不要跟我比惨，我比你更惨”再适合这部电影不过了。,末代皇帝,https://movie.douban.com/subject/1293172/,199358人评价
8.8,82,人生中应该拥有这样的一段豁然开朗。,心灵捕手,https://movie.douban.com/subject/1292656/,304417人评价
8.8,83,一场华丽的意淫。,阳光灿烂的日子,https://movie.douban.com/subject/1291875/,302173人评价
8.8,84,人与自然的战争史诗。,幽灵公主,https://movie.douban.com/subject/1297359/,261339人评价
8.8,85,深入内心的恐怖，出人意料的结局。,第六感,https://movie.douban.com/subject/1297630/,259688人评价
8.8,86,小清新的故事里注入了大历史的情怀。,布达佩斯大饭店,https://movie.douban.com/subject/11525673/,360669人评价
8.7,87,寂寞没有期限。,重庆森林,https://movie.douban.com/subject/1291999/,371028人评价
8.7,88,昔日翩翩少年，今日大腹便便。,禁闭岛,https://movie.douban.com/subject/2334904/,402255人评价
8.7,89,童话世界的开端。,哈利·波特与魔法石,https://movie.douban.com/subject/1295038/,296897人评价
9.0,90,人言可畏。,狩猎,https://movie.douban.com/subject/6985810/,148371人评价
8.8,91,骗子大师和执著警探的你追我跑故事。 ,猫鼠游戏,https://movie.douban.com/subject/1305487/,262911人评价
8.7,92,抱着梦想而活着的人是幸福的，怀抱梦想而死去的人是不朽的。,大鱼,https://movie.douban.com/subject/1291545/,278812人评价
8.7,93,最不可能的那个人永远是最可能的。,致命ID,https://movie.douban.com/subject/1297192/,354448人评价
8.7,94,每个人心中都有一座断背山。,断背山,https://movie.douban.com/subject/1418834/,354172人评价
8.8,95,相逢只要一瞬间，等待却像是一辈子。,甜蜜蜜,https://movie.douban.com/subject/1305164/,254524人评价
8.7,96,百看不厌。 ,射雕英雄传之东成西就,https://movie.douban.com/subject/1316510/,304936人评价
8.9,97,我们都曾经是一一。,一一,https://movie.douban.com/subject/1292434/,171696人评价
8.7,98,没有一人完全善，也没有一人完全恶。,告白,https://movie.douban.com/subject/4268598/,377406人评价
8.8,99,再多各自牛逼的时光，也比不上一起傻逼的岁月。 ,阳光姐妹淘,https://movie.douban.com/subject/4917726/,297340人评价
8.6,100,约翰尼·德普的独角戏。,加勒比海盗,https://movie.douban.com/subject/1298070/,384457人评价
8.9,101,尽管有些不切实际的幻想，这部电影依旧是一部感人肺腑的佳作。,穿条纹睡衣的男孩,https://movie.douban.com/subject/3008247/,169925人评价
8.9,102,被上帝抛弃了的上帝之城。,上帝之城,https://movie.douban.com/subject/1292208/,170412人评价
9.2,103,大时代中的人生，小人物的悲喜。,摩登时代,https://movie.douban.com/subject/1294371/,101215人评价
8.6,104,绝对意义上的美轮美奂。,阿凡达,https://movie.douban.com/subject/1652587/,581455人评价
8.7,105,缘分是个连绵词，最美不过一瞬。,爱在黎明破晓前,https://movie.douban.com/subject/1296339/,245545人评价
8.7,106,年度最佳date movie。,消失的爱人,https://movie.douban.com/subject/21318488/,398055人评价
8.8,107,动画片的圣经。,风之谷,https://movie.douban.com/subject/1291585/,193610人评价
8.7,108,九年后的重逢是世俗和责任的交叠，没了悸动和青涩，沧桑而温暖。,爱在日落黄昏时,https://movie.douban.com/subject/1291990/,218663人评价
8.8,109,少女情怀总是诗。,侧耳倾听,https://movie.douban.com/subject/1297052/,188077人评价
8.8,110,穷尽一生，我们要学会的，不过是彼此拥抱。,超脱,https://movie.douban.com/subject/5322596/,194003人评价
8.9,111,梦的勾结。,红辣椒,https://movie.douban.com/subject/1865703/,152280人评价
8.7,112,恐怖分子的“秋菊打官司”。,恐怖直播,https://movie.douban.com/subject/21360417/,252079人评价
8.6,113,两张绝世的脸。 ,倩女幽魂,https://movie.douban.com/subject/1297447/,284991人评价
8.9,114,那些静得只能听见呼吸的日子里，你明白孤独即生活。,小森林 夏秋篇,https://movie.douban.com/subject/25814705/,152402人评价
8.6,115,我是一个演员。,喜剧之王,https://movie.douban.com/subject/1302425/,355313人评价
8.7,116,和谐的生活离不开摸头与被摸头。,驯龙高手,https://movie.douban.com/subject/2353023/,313571人评价
8.7,117,从没见过那么流氓的温柔，从没见过那么温柔的流氓。,菊次郎的夏天,https://movie.douban.com/subject/1293359/,204189人评价
8.7,118,有时候幸福需要等一等。 ,幸福终点站,https://movie.douban.com/subject/1292274/,245516人评价
8.7,119,幸福是生生不息，却难以触及的远。 ,萤火虫之墓,https://movie.douban.com/subject/1293318/,222882人评价
8.7,120,曾经的那段美好会沉淀为一辈子的记忆。,借东西的小人阿莉埃蒂,https://movie.douban.com/subject/4202302/,239133人评价
8.6,121,岁月流逝，来日可追。,岁月神偷,https://movie.douban.com/subject/3792799/,330676人评价
9.2,122,时代悲歌。,七武士,https://movie.douban.com/subject/1295399/,85156人评价
8.7,123,关于连环杀人悬案的集体回忆。,杀人回忆,https://movie.douban.com/subject/1300299/,229128人评价
8.5,124,Mr. I Don't Care其实也有Care的时候。,神偷奶爸,https://movie.douban.com/subject/3287562/,417517人评价
8.5,125,上帝之城+猜火车+阿甘正传+开心辞典=山寨富翁,贫民窟的百万富翁,https://movie.douban.com/subject/2209573/,423509人评价
8.8,126,中国家庭的喜怒哀乐忍。,喜宴,https://movie.douban.com/subject/1303037/,154273人评价
8.7,127,真相就在眼前。,电锯惊魂,https://movie.douban.com/subject/1417598/,215296人评价
8.5,128,爱，是个动词。,真爱至上,https://movie.douban.com/subject/1292401/,339202人评价
8.7,129,像吃了苏打饼一样干脆的电影。,谍影重重3,https://movie.douban.com/subject/1578507/,195786人评价
9.0,130,大海啊，不全是水。,海洋,https://movie.douban.com/subject/3443389/,104188人评价
8.6,131,电影诗。,东邪西毒,https://movie.douban.com/subject/1292328/,274499人评价
8.6,132,不要给它起名字，起了名字就有感情了。,怪兽电力公司,https://movie.douban.com/subject/1291579/,265736人评价
8.5,133,一个针管引发的血案。,记忆碎片,https://movie.douban.com/subject/1304447/,302518人评价
8.6,134,生活在自己的世界里，也可以让周围的人显得可笑和渺小。,雨人,https://movie.douban.com/subject/1291870/,224611人评价
8.5,135,黑暗之美。,黑天鹅,https://movie.douban.com/subject/1978709/,451057人评价
8.7,136,老少皆宜，这就是好莱坞动画的魅力。,疯狂原始人,https://movie.douban.com/subject/1907966/,400181人评价
8.9,137,当这个世界闭上双眼，他却敞开了怀抱。,卢旺达饭店,https://movie.douban.com/subject/1291822/,131041人评价
8.7,138,传奇，不是每个人都可以拥有。,燃情岁月,https://movie.douban.com/subject/1295865/,157395人评价
8.9,139,永远看不腻的喜剧。,虎口脱险,https://movie.douban.com/subject/1296909/,114647人评价
8.6,140,英雄泪短，兄弟情长。 ,英雄本色,https://movie.douban.com/subject/1297574/,186943人评价
8.9,141,尊敬他人，尊敬你生活的这片土地，明白孤独是人生的常态。,小森林 冬春篇,https://movie.douban.com/subject/25814707/,132249人评价
8.7,142,《我是山姆》的《美丽人生》。,7号房的礼物,https://movie.douban.com/subject/10777687/,196450人评价
8.7,143,10年的完美句点。,哈利·波特与死亡圣器(下),https://movie.douban.com/subject/3011235/,298037人评价
8.5,144,爱是摈弃傲慢与偏见之后的曙光。,傲慢与偏见,https://movie.douban.com/subject/1418200/,330334人评价
8.6,145,荒诞讽刺，千奇百巧，抽丝剥茧，百转千回。,心迷宫,https://movie.douban.com/subject/25917973/,198053人评价
8.8,146,始于荒诞，止于更荒诞。,荒蛮故事,https://movie.douban.com/subject/24750126/,159040人评价
8.7,147,触不到的恋人。,萤火之森,https://movie.douban.com/subject/5989818/,175194人评价
8.5,148,爱情没有那么多借口，如果不能圆满，只能说明爱的不够。 ,恋恋笔记本,https://movie.douban.com/subject/1309163/,308826人评价
9.0,149,坏人的好总是比好人的好来得更感人。,完美的世界,https://movie.douban.com/subject/1300992/,89761人评价
8.8,150,任何信念的力量，都无法改变命运。,教父3,https://movie.douban.com/subject/1294240/,143108人评价
8.6,151,我们都有权利不与自己的过去和解。,海边的曼彻斯特,https://movie.douban.com/subject/25980443/,218295人评价
8.7,152,香港浪漫主义警匪动作片的巅峰之作。,纵横四海,https://movie.douban.com/subject/1295409/,162199人评价
8.5,153,偷情本没有这样美。,花样年华,https://movie.douban.com/subject/1291557/,268626人评价
8.8,154,跨度十五年的欢乐与泪水。,玩具总动员3,https://movie.douban.com/subject/1858711/,206459人评价
8.5,155,不可猜的青春迷笛。 ,猜火车,https://movie.douban.com/subject/1292528/,264399人评价
8.8,156,中国式内在的美国电影。,魂断蓝桥,https://movie.douban.com/subject/1293964/,138400人评价
8.6,157,爱上未来的你。 ,穿越时空的少女,https://movie.douban.com/subject/1937946/,199288人评价
8.8,158,沉醉在电影的情感和视听氛围中无法自拔。,请以你的名字呼唤我,https://movie.douban.com/subject/26799731/,195466人评价
8.4,159,华太师是黄霑，吴镇宇四大才子之一。,唐伯虎点秋香,https://movie.douban.com/subject/1306249/,366009人评价
8.6,160,把每天当作最后一天般珍惜度过，积极拥抱生活，就是幸福。,时空恋旅人,https://movie.douban.com/subject/10577869/,223087人评价
9.0,161,骨灰级歌舞片。,雨中曲,https://movie.douban.com/subject/1293460/,99643人评价
8.6,162,Balalala~~~,超能陆战队,https://movie.douban.com/subject/11026735/,405614人评价
8.6,163,诺兰就是保证。,蝙蝠侠：黑暗骑士崛起,https://movie.douban.com/subject/3395373/,318252人评价
8.8,164,爱并不需要智商 。,我是山姆,https://movie.douban.com/subject/1306861/,113883人评价
8.7,165,有一些东西不应该被遗忘。,二十二,https://movie.douban.com/subject/26430107/,112938人评价
8.6,166,对爱的执着，可以超越一切。,人工智能,https://movie.douban.com/subject/1302827/,205470人评价
8.4,167,松鼠才是角儿。,冰川时代,https://movie.douban.com/subject/1291578/,292851人评价
8.7,168,世界离独裁只有五天。,浪潮,https://movie.douban.com/subject/2297265/,143151人评价
8.5,169,当爱情跨越年龄的界限，它似乎能变得更久远一点，成为一种责任，一种水到渠成的相濡以沫。 ,朗读者,https://movie.douban.com/subject/2213597/,294064人评价
8.4,170,一个单凭体香达到高潮的男人。,香水,https://movie.douban.com/subject/1760622/,296917人评价
8.6,171,这个世界从不善待努力的人，努力了也不一定会成功，但是知道自己在努力，就是活下去的动力。,爆裂鼓手,https://movie.douban.com/subject/25773932/,258857人评价
8.7,172,人生的N种可能性。,罗生门,https://movie.douban.com/subject/1291879/,136495人评价
8.8,173,好的剧本是，就算你猜到了结局也猜不到全部。,未麻的部屋,https://movie.douban.com/subject/1395091/,108648人评价
8.7,174,Jared Leto的腿比女人还美！,达拉斯买家俱乐部,https://movie.douban.com/subject/1793929/,190237人评价
8.7,175,只有有信仰的人才能说出事实真相。,一次别离,https://movie.douban.com/subject/5964718/,141860人评价
8.9,176,诺兰的牛逼来源于内心散发出的恐惧。,追随,https://movie.douban.com/subject/1397546/,88144人评价
8.5,177,王家卫是一种风格，张国荣是一个代表。,阿飞正传,https://movie.douban.com/subject/1305690/,221156人评价
8.7,178,坚硬的信仰。,可可西里,https://movie.douban.com/subject/1308857/,138636人评价
8.6,179,天使与魔鬼的冲撞。,撞车,https://movie.douban.com/subject/1388216/,184827人评价
8.3,180,不要企图在重复中寻找已经失去的爱。,恐怖游轮,https://movie.douban.com/subject/3011051/,355372人评价
8.6,181,做一颗让别人需要你的棋子。,战争之王,https://movie.douban.com/subject/1419936/,186087人评价
8.6,182,热血沸腾，那个低俗、性感的无耻混蛋又来了。,被解救的姜戈,https://movie.douban.com/subject/6307447/,278102人评价
8.8,183,天使保护事件始末。,地球上的星星,https://movie.douban.com/subject/2363506/,92662人评价
8.7,184,优秀的战争片不会美化战场，不会粉饰死亡，不会矮化敌人，不会无视常识，最重要的，不会宣扬战争。,血战钢锯岭,https://movie.douban.com/subject/26325320/,348021人评价
8.7,185,一场没有春天的噩梦。,梦之安魂曲,https://movie.douban.com/subject/1292270/,119540人评价
8.7,186,弱者送给弱者的一刀。,牯岭街少年杀人事件,https://movie.douban.com/subject/1292329/,115891人评价
8.7,187,愿我们都不用长大，每一座城堡都能永远存在。,头脑特工队,https://movie.douban.com/subject/10533913/,248304人评价
8.8,188,被偷走的岁月，被伤害的生命，被禁锢的灵魂，终将被希望和善意救赎。,房间,https://movie.douban.com/subject/25724855/,171571人评价
8.5,189,宫崎骏的电影总让人感觉世界是美好的，阳光明媚的。,魔女宅急便,https://movie.douban.com/subject/1307811/,211070人评价
8.5,190,哗啦啦啦啦，天在下雨，哗啦啦啦啦，云在哭泣……找自己。,谍影重重,https://movie.douban.com/subject/1304102/,205235人评价
8.6,191,谁说王家卫镜头很晃？,谍影重重2,https://movie.douban.com/subject/1308767/,170329人评价
8.9,192,故事的反转与反转，分裂电影的始祖。,惊魂记,https://movie.douban.com/subject/1293181/,90625人评价
9.0,193,养狗三日，便会对你终其一生。,忠犬八公物语,https://movie.douban.com/subject/1959195/,65770人评价
8.4,194,人生如此，浮生如斯。谁人言，花彼岸，此生情长意短。谁都是不懂爱的罢了。,青蛇,https://movie.douban.com/subject/1303394/,238172人评价
8.6,195,他给机器起名“克里斯托弗”，因为这是他初恋的名字。,模仿游戏,https://movie.douban.com/subject/10463953/,276245人评价
8.5,196,爱我就给我看你的播放列表。,再次出发之纽约遇见你,https://movie.douban.com/subject/6874403/,185806人评价
9.0,197,我的平常生活就是他人的幸福。,无人知晓,https://movie.douban.com/subject/1292337/,68049人评价
9.2,198,东京那么大，如果有一天走失了，恐怕一辈子不能再相见。,东京物语,https://movie.douban.com/subject/1291568/,55491人评价
8.9,199,想你时你在闹海。,哪吒闹海,https://movie.douban.com/subject/1307315/,87365人评价
8.7,200,惠及一生的美丽。,一个叫欧维的男人决定去死,https://movie.douban.com/subject/26628357/,133429人评价
8.5,201,,小萝莉的猴神大叔,https://movie.douban.com/subject/26393561/,175716人评价
8.7,202,在那片深蓝中，感受来自大海的忧伤寂寞与美丽自由。,碧海蓝天,https://movie.douban.com/subject/1300960/,111983人评价
8.6,203,,完美陌生人,https://movie.douban.com/subject/26614893/,217954人评价
8.4,204,穿越错位的时空，仰望陨落的星辰，你没留下你的名字，我却无法忘记那句“我爱你”。,你的名字。,https://movie.douban.com/subject/26683290/,518663人评价
8.7,205,没有了退路，只好飞向自由。,末路狂花,https://movie.douban.com/subject/1291992/,112657人评价
8.3,206,邓肯·琼斯继《月球》之后再度奉献出一部精彩绝伦的科幻佳作。,源代码,https://movie.douban.com/subject/3075287/,433808人评价
8.6,207,少见的超越首部的续集，动作片中的经典。,终结者2：审判日,https://movie.douban.com/subject/1291844/,150854人评价
8.3,208,青春就是放弃和怀念。,秒速5厘米,https://movie.douban.com/subject/2043546/,321023人评价
8.5,209,不得不说，《黑客帝国》系列是商业片与科幻、哲学完美结合的典范。,黑客帝国3：矩阵革命,https://movie.douban.com/subject/1302467/,167569人评价
8.5,210,嬉笑怒骂，调风动月。,新龙门客栈,https://movie.douban.com/subject/1292287/,197879人评价
8.7,211,天使暂时离开。,绿里奇迹,https://movie.douban.com/subject/1300374/,113721人评价
8.6,212,生命不止，摇滚不死。,海盗电台,https://movie.douban.com/subject/3007773/,172539人评价
8.5,213,科幻真正的魅力不是视觉效果能取代的。 ,这个男人来自地球,https://movie.douban.com/subject/2300586/,195552人评价
8.6,214,类型片的极致。 ,勇闯夺命岛,https://movie.douban.com/subject/1292728/,150088人评价
9.2,215,永远的小人物，伟大的卓别林。,城市之光,https://movie.douban.com/subject/1293908/,47993人评价
8.6,216,世界上有那么多女人那么多酒馆，但她偏偏走进我的这家。,卡萨布兰卡,https://movie.douban.com/subject/1296753/,132422人评价
8.4,217,昆汀同学越来越变态了，比北野武还杜琪峰。,无耻混蛋,https://movie.douban.com/subject/1438652/,237213人评价
8.3,218,黑小鸭速效美白记。,初恋这件小事,https://movie.douban.com/subject/4739952/,492476人评价
8.4,219,当发哥的风衣、墨镜出现在了凯奇身上⋯⋯,变脸,https://movie.douban.com/subject/1292659/,226473人评价
8.4,220,我完全康复了。,发条橙,https://movie.douban.com/subject/1292233/,196716人评价
8.5,221,生病的E.T.皮肤的颜色就像柿子饼。,E.T. 外星人,https://movie.douban.com/subject/1294638/,163708人评价
9.1,222,最棒的西部片。,黄金三镖客,https://movie.douban.com/subject/1401118/,55292人评价
8.8,223,所谓爱情，就是话唠一路，都不会心生腻烦，彼此嫌弃。,爱在午夜降临前,https://movie.douban.com/subject/10808442/,125624人评价
8.4,224,每个人的内心都是深不可测的大海。 ,美国丽人,https://movie.douban.com/subject/1292062/,196273人评价
8.6,225,出门必备：本草纲目。,荒野生存,https://movie.douban.com/subject/1905462/,134841人评价
9.1,226,最美的飞翔。,迁徙的鸟,https://movie.douban.com/subject/1292281/,53916人评价
8.6,227,迪士尼和皮克斯拿错剧本的产物。,无敌破坏王,https://movie.douban.com/subject/6534248/,197243人评价
8.8,228,日本的家庭电影已经是世界巅峰了，步履不停是巅峰中的佳作。,步履不停,https://movie.douban.com/subject/2222996/,85099人评价
8.3,229,中国版《两杆大烟枪》。,疯狂的石头,https://movie.douban.com/subject/1862151/,339349人评价
8.4,230,"In memory, love lives forever...",英国病人,https://movie.douban.com/subject/1291853/,181729人评价
8.6,231,现实与童话交相辉映的旅程。,燕尾蝶,https://movie.douban.com/subject/1307793/,112048人评价
8.6,232,我不信仰上帝，但我敬畏上帝。,非常嫌疑犯,https://movie.douban.com/subject/1292214/,123711人评价
8.4,233,小成本大魅力。,彗星来的那一夜,https://movie.douban.com/subject/25807345/,196262人评价
8.9,234,热血沸腾，相当完美的娱乐拳击大餐。,勇士,https://movie.douban.com/subject/3217169/,92255人评价
8.3,235,皇上无话儿。,国王的演讲,https://movie.douban.com/subject/4023638/,360126人评价
8.5,236,每个美丽事物背后都是滴血的现实。,血钻,https://movie.douban.com/subject/1428175/,142292人评价
8.6,237,乐观比一切都有力量。,叫我第一名,https://movie.douban.com/subject/4798888/,114776人评价
8.3,238,大卫·林奇的梦境迷宫。,穆赫兰道,https://movie.douban.com/subject/1292217/,248282人评价
8.6,239,,海街日记,https://movie.douban.com/subject/25895901/,140947人评价
8.8,240,,聚焦,https://movie.douban.com/subject/25954475/,137226人评价
8.6,241,纯净原始的笑与感动。,上帝也疯狂,https://movie.douban.com/subject/1297478/,101192人评价
8.6,242,一群演技精湛的戏骨，奉献出一个精致的黑帮小品，成就杜琪峰群戏的巅峰之作。,枪火,https://movie.douban.com/subject/1300741/,106220人评价
9.0,243,你要相信，这世上真的有爱存在，不管在什么年纪 ,我爱你,https://movie.douban.com/subject/5908478/,62193人评价
8.5,244,用剩余不多的时间，去燃烧整个生命。,遗愿清单,https://movie.douban.com/subject/1867345/,138961人评价
8.6,245,捍卫人权只是信仰，一点不妨碍其行为的残忍。,大卫·戈尔的一生,https://movie.douban.com/subject/1305725/,100822人评价
8.5,246,还原真实而残酷的战争。,黑鹰坠落,https://movie.douban.com/subject/1291824/,124245人评价
8.5,247,一个人的独角戏。,荒岛余生,https://movie.douban.com/subject/1298653/,143314人评价
8.3,248,青春的窃窃私语。 ,蓝色大门,https://movie.douban.com/subject/1308575/,283515人评价
8.7,249,一部能引人思考的科幻励志片。,千钧一发,https://movie.douban.com/subject/1300117/,92482人评价
9.0,250,献给所有外婆的电影。,爱·回家,https://movie.douban.com/subject/1299361/,50187人评价
